{"v":"5.0.1","fr":10,"ip":0,"op":14,"w":24,"h":24,"ddd":0,"assets":[],"layers":[{"ind":1,"nm":"Layer 1","ks":{"p":{"a":0,"k":[7,9.4]},"a":{"a":0,"k":[0,0,0]},"s":{"a":0,"k":[100,100,100]},"r":{"a":0,"k":0},"o":{"a":0,"k":100}},"ao":0,"ip":0,"op":14,"st":0,"bm":0,"sr":1,"ty":4,"shapes":[{"ty":"gr","it":[{"ty":"sh","d":1,"ks":{"a":1,"k":[{"i":{"x":[0.833],"y":[0.833]},"o":{"x":[0.167],"y":[0.167]},"t":0,"s":[{"i":[[0,0],[0,0],[0,0]],"o":[[0,0],[0,0],[0,0]],"v":[[0.4,0.4],[5.005,5.005],[9.61,0.4]],"c":false}],"e":[{"i":[[0,0],[0,0],[0,0]],"o":[[0,0],[0,0],[0,0]],"v":[[0.8,5.2],[5.005,-0.532],[9.21,5.2]],"c":false}]},{"i":{"x":[0.833],"y":[0.833]},"o":{"x":[0.167],"y":[0.167]},"t":2,"s":[{"i":[[0,0],[0,0],[0,0]],"o":[[0,0],[0,0],[0,0]],"v":[[0.8,5.2],[5.005,-0.532],[9.21,5.2]],"c":false}],"e":[{"i":[[0,0],[0,0],[0,0]],"o":[[0,0],[0,0],[0,0]],"v":[[0.4,4.6],[5.005,0],[9.61,4.6]],"c":false}]},{"i":{"x":[0.833],"y":[0.833]},"o":{"x":[0.167],"y":[0.167]},"t":3,"s":[{"i":[[0,0],[0,0],[0,0]],"o":[[0,0],[0,0],[0,0]],"v":[[0.4,4.6],[5.005,0],[9.61,4.6]],"c":false}],"e":[{"i":[[0,0],[0,0],[0,0]],"o":[[0,0],[0,0],[0,0]],"v":[[0.4,4.6],[5.005,0],[9.61,4.6]],"c":false}]},{"i":{"x":[0.833],"y":[0.833]},"o":{"x":[0.167],"y":[0.167]},"t":7,"s":[{"i":[[0,0],[0,0],[0,0]],"o":[[0,0],[0,0],[0,0]],"v":[[0.4,4.6],[5.005,0],[9.61,4.6]],"c":false}],"e":[{"i":[[0,0],[0,0],[0,0]],"o":[[0,0],[0,0],[0,0]],"v":[[0.8,0],[5.005,5.837],[9.31,0]],"c":false}]},{"i":{"x":[0.833],"y":[0.833]},"o":{"x":[0.167],"y":[0.167]},"t":9,"s":[{"i":[[0,0],[0,0],[0,0]],"o":[[0,0],[0,0],[0,0]],"v":[[0.8,0],[5.005,5.837],[9.31,0]],"c":false}],"e":[{"i":[[0,0],[0,0],[0,0]],"o":[[0,0],[0,0],[0,0]],"v":[[0.4,0.4],[5.005,5.005],[9.61,0.4]],"c":false}]},{"i":{"x":[0.833],"y":[0.833]},"o":{"x":[0.167],"y":[0.167]},"t":10,"s":[{"i":[[0,0],[0,0],[0,0]],"o":[[0,0],[0,0],[0,0]],"v":[[0.4,0.4],[5.005,5.005],[9.61,0.4]],"c":false}],"e":[{"i":[[0,0],[0,0],[0,0]],"o":[[0,0],[0,0],[0,0]],"v":[[0.4,0.4],[5.005,5.005],[9.61,0.4]],"c":false}]},{"t":14}],"hd":false}},{"ty":"st","c":{"a":0,"k":[0,0,0,1]},"o":{"a":0,"k":100},"w":{"a":1,"k":[{"t":0,"s":[2],"i":{"x":[0.833],"y":[0.833]},"o":{"x":[0.167],"y":[0.167]},"e":[1.8]},{"t":2,"s":[1.8],"i":{"x":[0.833],"y":[0.833]},"o":{"x":[0.167],"y":[0.167]},"e":[2]},{"t":3,"s":[2],"i":{"x":[0.833],"y":[0.833]},"o":{"x":[0.167],"y":[0.167]},"e":[2]},{"t":7,"s":[2],"i":{"x":[0.833],"y":[0.833]},"o":{"x":[0.167],"y":[0.167]},"e":[1.8]},{"t":9,"s":[1.8],"i":{"x":[0.833],"y":[0.833]},"o":{"x":[0.167],"y":[0.167]},"e":[2]},{"t":10,"s":[2],"i":{"x":[0.833],"y":[0.833]},"o":{"x":[0.167],"y":[0.167]},"e":[2]},{"t":14,"s":[2]}]},"lc":2,"lj":2,"ml":4,"d":[{"n":"d","nm":"dash","v":{"a":0,"k":0}},{"n":"g","nm":"gap","v":{"a":0,"k":0}},{"n":"o","nm":"offset","v":{"a":0,"k":0}}]},{"ty":"tr","p":{"a":0,"k":[0,0]},"a":{"a":0,"k":[0,0]},"s":{"a":0,"k":[100,100]},"r":{"a":0,"k":0},"o":{"a":0,"k":100},"sk":{"a":0,"k":0},"sa":{"a":0,"k":0}}],"nm":"Object","hd":false}]}],"markers":[]}